{
  "name": "angular",
  "version": "1.5.9-build.5101+sha.0ff10e1",
  "license": "MIT",
  "main": "./angular.js",
  "ignore": [],
  "dependencies": {},
  "homepage": "https://github.com/angular/bower-angular",
  "_release": "1.5.9-build.5101+sha.0ff10e1",
  "_resolution": {
    "type": "version",
    "tag": "v1.5.9-build.5101+sha.0ff10e1",
    "commit": "b51613203cca5bcfc0d425ca64c7b297092a7abd"
  },
  "_source": "https://github.com/angular/bower-angular.git",
  "_target": "1.5.9-build.5101+sha.0ff10e1",
  "_originalSource": "angular"
}